0.000000,0.012193
0.010000,0.016775
0.020000,0.012236
0.030000,0.016788
0.040000,0.015803
0.050000,0.015000
0.060000,0.020915
0.070000,0.017010
0.080000,0.022154
0.090000,0.021835
0.100000,0.020830
0.110000,0.026073
0.120000,0.021117
0.130000,0.025260
0.140000,0.023886
0.150000,0.021647
0.160000,0.026243
0.170000,0.021323
0.180000,0.026015
0.190000,0.025398
0.200000,0.023883
0.210000,0.028910
0.220000,0.023889
0.230000,0.028664
0.240000,0.028218
0.250000,0.026662
0.260000,0.031713
0.270000,0.026005
0.280000,0.029405
0.290000,0.027469
0.300000,0.024403
0.310000,0.028280
0.320000,0.021614
0.330000,0.023934
0.340000,0.020926
0.350000,0.016874
0.360000,0.019929
0.370000,0.012893
0.380000,0.015609
0.390000,0.013317
0.400000,0.009852
0.410000,0.013291
0.420000,0.006300
0.430000,0.008811
0.440000,0.006302
0.450000,0.002761
0.460000,0.006173
0.470000,-0.000011
0.480000,0.004348
0.490000,0.003499
0.500000,0.001192
0.510000,0.006092
0.520000,0.000422
0.530000,0.005337
0.540000,0.005484
0.550000,0.004640
0.560000,0.010731
0.570000,0.005712
0.580000,0.010627
0.590000,0.009838
0.600000,0.007226
0.610000,0.013590
0.620000,0.008882
0.630000,0.012862
0.640000,0.011027
0.650000,0.009293
0.660000,0.015909
0.670000,0.008793
0.680000,0.011685
0.690000,0.009860
0.700000,0.005522
0.710000,0.010710
0.720000,0.005262
0.730000,0.007793
0.740000,0.003631
0.750000,-0.001107
0.760000,0.001973
0.770000,-0.009471
0.780000,-0.008142
0.790000,-0.007699
0.800000,-0.012498
0.810000,-0.010684
0.820000,-0.016438
0.830000,-0.011819
0.840000,-0.014369
0.850000,-0.017708
0.860000,-0.004183
0.870000,-0.006592
0.880000,-0.006099
0.890000,-0.004933
0.900000,-0.008809
0.910000,-0.009493
0.920000,-0.013748
0.930000,-0.007772
0.940000,-0.011277
0.950000,-0.011776
0.960000,-0.000071
0.970000,0.001157
0.980000,0.010046
0.990000,0.013006
1.000000,0.013188
1.010000,0.017906
1.020000,0.013736
1.030000,0.018605
1.040000,0.017913
1.050000,0.019877
1.060000,0.025281
1.070000,0.015315
1.080000,0.026806
1.090000,0.037748
1.100000,0.037210
1.110000,0.037184
1.120000,0.030529
1.130000,0.038508
1.140000,0.039549
1.150000,0.036225
1.160000,0.042384
1.170000,0.036992
1.180000,0.032792
1.190000,0.027590
1.200000,0.033572
1.210000,0.038304
1.220000,0.027488
1.230000,0.035830
1.240000,0.034067
1.250000,0.035888
1.260000,0.048132
1.270000,0.049395
1.280000,0.052385
1.290000,0.050984
1.300000,0.049358
1.310000,0.045805
1.320000,0.030881
1.330000,0.032622
1.340000,0.023849
1.350000,0.017087
1.360000,0.024742
1.370000,0.022521
1.380000,0.029869
1.390000,0.030992
1.400000,0.040318
1.410000,0.052149
1.420000,0.040492
1.430000,0.050861
1.440000,0.045473
1.450000,0.049558
1.460000,0.061760
1.470000,0.034714
1.480000,0.037658
1.490000,0.046620
1.500000,0.023753
1.510000,0.015803
1.520000,0.005349
1.530000,-0.003239
1.540000,-0.021778
1.550000,-0.006473
1.560000,0.008160
1.570000,0.012252
1.580000,0.043494
1.590000,0.029504
1.600000,0.011855
1.610000,0.031786
1.620000,0.014405
1.630000,0.012283
1.640000,0.005732
1.650000,-0.018405
1.660000,-0.006144
1.670000,-0.017612
1.680000,-0.033392
1.690000,-0.006181
1.700000,0.019559
1.710000,-0.009133
1.720000,-0.060441
1.730000,-0.061641
1.740000,-0.037100
1.750000,-0.030221
1.760000,-0.037447
1.770000,-0.012347
1.780000,0.035804
1.790000,0.019549
1.800000,0.038486
1.810000,0.093089
1.820000,0.117027
1.830000,0.144781
1.840000,0.107585
1.850000,0.053279
1.860000,0.074765
1.870000,0.059042
1.880000,0.042871
1.890000,0.038707
1.900000,0.014722
1.910000,0.000547
1.920000,-0.023852
1.930000,-0.006376
1.940000,-0.007841
1.950000,-0.036787
1.960000,-0.041801
1.970000,-0.067167
1.980000,-0.054344
1.990000,-0.060100
2.000000,-0.116577
2.010000,-0.101773
2.020000,-0.140405
2.030000,-0.157818
2.040000,-0.095862
2.050000,-0.104763
2.060000,-0.115163
2.070000,-0.062249
2.080000,-0.002906
2.090000,-0.035025
2.100000,-0.082411
2.110000,-0.089611
2.120000,-0.121869
2.130000,-0.159607
2.140000,-0.211012
2.150000,-0.230416
2.160000,-0.209507
2.170000,-0.210610
2.180000,-0.204591
2.190000,-0.191613
2.200000,-0.138303
2.210000,-0.045330
2.220000,-0.005647
2.230000,-0.011105
2.240000,-0.049623
2.250000,-0.056082
2.260000,-0.052632
2.270000,-0.061891
2.280000,0.046151
2.290000,0.044821
2.300000,-0.062828
2.310000,-0.102311
2.320000,-0.142070
2.330000,-0.140359
2.340000,-0.090394
2.350000,-0.076129
2.360000,-0.042192
2.370000,-0.038324
2.380000,-0.013024
2.390000,0.062349
2.400000,0.058553
2.410000,0.062647
2.420000,0.022281
2.430000,-0.034954
2.440000,0.007779
2.450000,0.184969
2.460000,0.305599
2.470000,0.250477
2.480000,0.265236
2.490000,0.273581
2.500000,0.139946
2.510000,0.085205
2.520000,0.046155
2.530000,0.074966
2.540000,0.215164
2.550000,0.222940
2.560000,0.194038
2.570000,0.062842
2.580000,-0.037519
2.590000,-0.016750
2.600000,-0.006788
2.610000,-0.044446
2.620000,-0.082044
2.630000,0.011048
2.640000,0.087804
2.650000,0.010471
2.660000,0.087754
2.670000,0.106255
2.680000,-0.029258
2.690000,-0.024305
2.700000,-0.070742
2.710000,-0.068590
2.720000,0.072749
2.730000,-0.006512
2.740000,-0.025300
2.750000,0.067163
2.760000,-0.014981
2.770000,-0.064831
2.780000,0.016348
2.790000,0.152392
2.800000,0.291428
2.810000,0.321860
2.820000,0.285496
2.830000,0.442355
2.840000,0.620461
2.850000,0.401739
2.860000,0.174417
2.870000,0.141253
2.880000,0.023969
2.890000,-0.025895
2.900000,0.008668
2.910000,-0.047876
2.920000,-0.012859
2.930000,-0.019524
2.940000,-0.141917
2.950000,-0.089834
2.960000,-0.040576
2.970000,-0.281403
2.980000,-0.332784
2.990000,-0.310967
3.000000,-0.322890
3.010000,-0.212127
3.020000,-0.267732
3.030000,-0.343002
3.040000,-0.151833
3.050000,-0.111520
3.060000,-0.142722
3.070000,-0.076189
3.080000,-0.091095
3.090000,-0.056394
3.100000,-0.120317
3.110000,-0.332849
3.120000,-0.270985
3.130000,-0.217694
3.140000,-0.241974
3.150000,-0.088811
3.160000,0.113361
3.170000,0.076603
3.180000,0.092895
3.190000,0.220039
3.200000,0.213779
3.210000,0.199283
3.220000,0.239025
3.230000,0.132155
3.240000,0.137901
3.250000,0.189529
3.260000,0.027059
3.270000,-0.074354
3.280000,-0.134420
3.290000,-0.313756
3.300000,-0.415280
3.310000,-0.446369
3.320000,-0.446504
3.330000,-0.466230
3.340000,-0.477691
3.350000,-0.483501
3.360000,-0.679619
3.370000,-0.752195
3.380000,-0.630890
3.390000,-0.676433
3.400000,-0.601427
3.410000,-0.397412
3.420000,-0.416986
3.430000,-0.443972
3.440000,-0.363544
3.450000,-0.325301
3.460000,-0.306859
3.470000,-0.364371
3.480000,-0.286897
3.490000,-0.223212
3.500000,-0.260075
3.510000,-0.105814
3.520000,0.005576
3.530000,-0.095511
3.540000,0.081421
3.550000,0.333408
3.560000,0.249652
3.570000,0.198001
3.580000,0.285487
3.590000,0.306231
3.600000,0.436253
3.610000,0.589731
3.620000,0.676801
3.630000,0.766226
3.640000,0.760152
3.650000,0.724649
3.660000,0.628860
3.670000,0.342951
3.680000,0.313045
3.690000,0.334467
3.700000,0.168182
3.710000,0.186993
3.720000,0.348556
3.730000,0.321464
3.740000,0.232598
3.750000,0.345968
3.760000,0.482957
3.770000,0.229099
3.780000,0.007390
3.790000,0.029996
3.800000,-0.017474
3.810000,-0.085729
3.820000,-0.057200
3.830000,-0.005263
3.840000,-0.050530
3.850000,-0.089262
3.860000,-0.175467
3.870000,-0.410971
3.880000,-0.512402
3.890000,-0.338910
3.900000,-0.306040
3.910000,-0.241806
3.920000,-0.101937
3.930000,-0.102040
3.940000,-0.042587
3.950000,0.021227
3.960000,0.123952
3.970000,0.359674
3.980000,0.508641
3.990000,0.465788
4.000000,0.540575
4.010000,0.526114
4.020000,0.384524
4.030000,0.422005
4.040000,0.378983
4.050000,0.301051
4.060000,0.339263
4.070000,0.226534
4.080000,0.121746
4.090000,0.061927
4.100000,0.136890
4.110000,0.509368
4.120000,0.534404
4.130000,0.304256
4.140000,0.282979
4.150000,0.292365
4.160000,0.202224
4.170000,0.224507
4.180000,0.447315
4.190000,0.323718
4.200000,-0.091979
4.210000,-0.054396
4.220000,-0.015015
4.230000,0.010234
4.240000,0.204272
4.250000,0.202303
4.260000,0.050760
4.270000,-0.298749
4.280000,-0.384495
4.290000,-0.226798
4.300000,-0.245780
4.310000,-0.309041
4.320000,-0.290820
4.330000,-0.207071
4.340000,-0.114010
4.350000,-0.299386
4.360000,-0.217389
4.370000,-0.132215
4.380000,-0.380516
4.390000,-0.416742
4.400000,-0.445089
4.410000,-0.486454
4.420000,-0.336833
4.430000,-0.315843
4.440000,-0.396546
4.450000,-0.321050
4.460000,-0.095808
4.470000,-0.012086
4.480000,0.087954
4.490000,0.211872
4.500000,0.171223
4.510000,0.115136
4.520000,0.175328
4.530000,0.079492
4.540000,-0.048384
4.550000,0.124207
4.560000,0.323583
4.570000,0.277853
4.580000,0.311433
4.590000,0.372966
4.600000,0.051461
4.610000,-0.140534
4.620000,-0.142929
4.630000,-0.029405
4.640000,-0.035293
4.650000,-0.124270
4.660000,0.148652
4.670000,0.245258
4.680000,-0.040105
4.690000,-0.198399
4.700000,-0.195730
4.710000,-0.284027
4.720000,-0.459708
4.730000,-0.384710
4.740000,-0.081068
4.750000,-0.022415
4.760000,-0.129445
4.770000,-0.060622
4.780000,0.281697
4.790000,0.402740
4.800000,0.137704
4.810000,-0.224184
4.820000,-0.281492
4.830000,-0.116327
4.840000,-0.083421
4.850000,-0.018713
4.860000,0.271184
4.870000,0.303219
4.880000,0.162148
4.890000,0.031345
4.900000,-0.306755
4.910000,-0.277544
4.920000,-0.553492
4.930000,-0.979744
4.940000,-0.974443
4.950000,-0.820401
4.960000,-0.454886
4.970000,-0.343930
4.980000,-0.452562
4.990000,-0.094082
5.000000,-0.039486
5.010000,-0.102846
5.020000,0.230973
5.030000,0.112567
5.040000,0.131960
5.050000,0.381784
5.060000,0.455715
5.070000,0.643019
5.080000,0.582952
5.090000,0.430873
5.100000,0.405648
5.110000,0.280946
5.120000,0.199286
5.130000,0.209265
5.140000,0.079061
5.150000,-0.018514
5.160000,-0.090285
5.170000,-0.062531
5.180000,-0.206302
5.190000,-0.280491
5.200000,0.035152
5.210000,0.325091
5.220000,0.415630
5.230000,0.535980
5.240000,0.363318
5.250000,0.058068
5.260000,0.126408
5.270000,0.209625
5.280000,0.140790
5.290000,-0.048546
5.300000,-0.503945
5.310000,-0.669045
5.320000,-0.542177
5.330000,-0.468170
5.340000,-0.158665
5.350000,0.249075
5.360000,0.470996
5.370000,0.392070
5.380000,0.114150
5.390000,0.072180
5.400000,0.446549
5.410000,0.463241
5.420000,0.324002
5.430000,0.435972
5.440000,0.399269
5.450000,0.353790
5.460000,0.367305
5.470000,0.299508
5.480000,0.518083
5.490000,0.845630
5.500000,0.873045
5.510000,0.938747
5.520000,0.814263
5.530000,0.645311
5.540000,0.437442
5.550000,0.009708
5.560000,-0.344635
5.570000,-0.440246
5.580000,-0.197538
5.590000,-0.116085
5.600000,-0.476091
5.610000,-0.510914
5.620000,-0.208116
5.630000,-0.393985
5.640000,-0.384124
5.650000,-0.293333
5.660000,-0.411555
5.670000,-0.593594
5.680000,-0.909989
5.690000,-1.166709
5.700000,-1.237196
5.710000,-1.079614
5.720000,-0.557980
5.730000,-0.526609
5.740000,-0.799923
5.750000,-0.433670
5.760000,-0.221573
5.770000,-0.452344
5.780000,-0.285455
5.790000,-0.213358
5.800000,-0.224774
5.810000,-0.014522
5.820000,-0.118359
5.830000,-0.067625
5.840000,0.256847
5.850000,0.217394
5.860000,0.093251
5.870000,0.169024
5.880000,0.214031
5.890000,0.154937
5.900000,0.286543
5.910000,0.411652
5.920000,0.210616
5.930000,0.060297
5.940000,0.132876
5.950000,-0.034769
5.960000,-0.130993
5.970000,0.059383
5.980000,0.289658
5.990000,0.298677
6.000000,-0.129398
6.010000,-0.142993
6.020000,0.162811
6.030000,0.309470
6.040000,0.734429
6.050000,0.882015
6.060000,0.838030
6.070000,0.906939
6.080000,0.646778
6.090000,0.484908
6.100000,0.698154
6.110000,0.583945
6.120000,0.294095
6.130000,0.137501
6.140000,0.120224
6.150000,0.276138
6.160000,0.232275
6.170000,0.251283
6.180000,0.468369
6.190000,0.601104
6.200000,0.707464
6.210000,0.701997
6.220000,0.588400
6.230000,0.431648
6.240000,0.078335
6.250000,-0.092702
6.260000,-0.047178
6.270000,-0.043523
6.280000,-0.076272
6.290000,-0.173700
6.300000,-0.142984
6.310000,0.014576
6.320000,-0.122577
6.330000,-0.371959
6.340000,-0.538547
6.350000,-0.591099
6.360000,-0.715938
6.370000,-0.980699
6.380000,-1.140915
6.390000,-1.155593
6.400000,-1.127015
6.410000,-1.123214
6.420000,-1.351018
6.430000,-1.389828
6.440000,-1.014854
6.450000,-0.892234
6.460000,-0.733661
6.470000,-0.565879
6.480000,-0.735571
6.490000,-0.799257
6.500000,-0.951446
6.510000,-1.142387
6.520000,-0.844027
6.530000,-0.573123
6.540000,-0.741537
6.550000,-0.687596
6.560000,-0.416943
6.570000,-0.261569
6.580000,0.008234
6.590000,0.066481
6.600000,-0.091584
6.610000,-0.099930
6.620000,-0.145214
6.630000,-0.314514
6.640000,-0.156984
6.650000,-0.033066
6.660000,0.020265
6.670000,0.079639
6.680000,0.065272
6.690000,-0.108489
6.700000,-0.040135
6.710000,0.303834
6.720000,0.363705
6.730000,0.454847
6.740000,0.697891
6.750000,0.729423
6.760000,0.670458
6.770000,0.422607
6.780000,0.214649
6.790000,0.347815
6.800000,0.403521
6.810000,0.342238
6.820000,0.202823
6.830000,0.225733
6.840000,0.392193
6.850000,0.302216
6.860000,0.490642
6.870000,0.854952
6.880000,0.861938
6.890000,1.235196
6.900000,1.180281
6.910000,0.601159
6.920000,0.438868
6.930000,0.519853
6.940000,0.534824
6.950000,0.286576
6.960000,0.397983
6.970000,0.476803
6.980000,-0.087003
6.990000,-0.148959
7.000000,-0.175777
7.010000,-0.603783
7.020000,-0.587743
7.030000,-0.576053
7.040000,-0.486557
7.050000,-0.329088
7.060000,-0.232386
7.070000,0.287302
7.080000,0.456492
7.090000,0.488217
7.100000,0.710308
7.110000,0.412044
7.120000,0.479885
7.130000,0.724307
7.140000,0.427452
7.150000,0.341045
7.160000,0.298309
7.170000,0.283370
7.180000,0.470115
7.190000,0.349827
7.200000,0.162034
7.210000,0.283615
7.220000,0.530877
7.230000,0.454530
7.240000,0.339012
7.250000,0.302961
7.260000,0.237071
7.270000,0.016611
7.280000,-0.346096
7.290000,-0.359569
7.300000,-0.322543
7.310000,-0.451414
7.320000,-0.251362
7.330000,-0.119899
7.340000,-0.050435
7.350000,0.026988
7.360000,-0.104095
7.370000,0.072870
7.380000,0.128777
7.390000,-0.086912
7.400000,0.177433
7.410000,0.230205
7.420000,0.022154
7.430000,-0.059614
7.440000,-0.111060
7.450000,0.090987
7.460000,0.143569
7.470000,-0.004362
7.480000,-0.025364
7.490000,0.035775
7.500000,-0.120919
7.510000,-0.450768
7.520000,-0.566790
7.530000,-0.467617
7.540000,-0.576062
7.550000,-0.754558
7.560000,-0.684777
7.570000,-0.506116
7.580000,-0.392503
7.590000,-0.495716
7.600000,-0.569270
7.610000,-0.543617
7.620000,-0.321642
7.630000,-0.071203
7.640000,0.080838
7.650000,0.139143
7.660000,0.010436
7.670000,-0.016940
7.680000,0.350559
7.690000,0.484095
7.700000,0.455516
7.710000,0.399538
7.720000,0.083273
7.730000,0.031508
7.740000,0.223226
7.750000,0.316441
7.760000,0.451571
7.770000,0.288136
7.780000,0.186061
7.790000,0.479246
7.800000,0.514243
7.810000,0.483040
7.820000,0.497352
7.830000,0.443495
7.840000,0.195223
7.850000,-0.056740
7.860000,0.053648
7.870000,-0.125645
7.880000,-0.357843
7.890000,-0.046701
7.900000,-0.006984
7.910000,-0.165657
7.920000,-0.119248
7.930000,0.120114
7.940000,0.309608
7.950000,0.153139
7.960000,0.098629
7.970000,0.132993
7.980000,-0.177239
7.990000,-0.454731
8.000000,-0.469603
8.010000,-0.327556
8.020000,-0.139403
8.030000,-0.257462
8.040000,-0.176438
8.050000,-0.139334
8.060000,-0.434147
8.070000,-0.194613
8.080000,0.126069
8.090000,-0.026068
8.100000,-0.080346
8.110000,0.218455
8.120000,0.284602
8.130000,0.083729
8.140000,0.216048
8.150000,0.384552
8.160000,0.453897
8.170000,0.285521
8.180000,-0.142678
8.190000,-0.196157
8.200000,0.011167
8.210000,0.196162
8.220000,0.275799
8.230000,0.180102
8.240000,-0.009038
8.250000,-0.021013
8.260000,0.025943
8.270000,0.027128
8.280000,-0.023637
8.290000,0.128880
8.300000,-0.052286
8.310000,-0.407654
8.320000,-0.154905
8.330000,0.027790
8.340000,0.053597
8.350000,0.357265
8.360000,0.439656
8.370000,0.271574
8.380000,0.151450
8.390000,0.010223
8.400000,-0.091613
8.410000,0.078119
8.420000,0.228860
8.430000,0.225982
8.440000,0.394774
8.450000,0.307814
8.460000,0.015995
8.470000,-0.067985
8.480000,-0.343465
8.490000,-0.400992
8.500000,-0.207350
8.510000,-0.337935
8.520000,-0.345640
8.530000,-0.270476
8.540000,-0.076602
8.550000,0.137763
8.560000,0.046200
8.570000,-0.142027
8.580000,-0.318425
8.590000,-0.327106
8.600000,-0.266311
8.610000,-0.285888
8.620000,-0.128809
8.630000,0.041772
8.640000,-0.025215
8.650000,0.008109
8.660000,0.172188
8.670000,0.182800
8.680000,0.124371
8.690000,0.139964
8.700000,-0.042349
8.710000,-0.252282
8.720000,-0.153467
8.730000,-0.328452
8.740000,-0.353131
8.750000,-0.265392
8.760000,-0.805611
8.770000,-0.813551
8.780000,-0.292672
8.790000,-0.241966
8.800000,-0.137903
8.810000,-0.115844
8.820000,-0.215825
8.830000,-0.020137
8.840000,-0.104821
8.850000,-0.293181
8.860000,-0.210065
8.870000,-0.272316
8.880000,-0.425342
8.890000,-0.488818
8.900000,-0.520271
8.910000,-0.606626
8.920000,-0.606930
8.930000,-0.407490
8.940000,-0.099068
8.950000,-0.017468
8.960000,-0.173763
8.970000,-0.043733
8.980000,0.056128
8.990000,0.008251
9.000000,0.165876
9.010000,0.119362
9.020000,-0.086051
9.030000,-0.071692
9.040000,-0.116042
9.050000,-0.132317
9.060000,-0.070210
9.070000,0.002894
9.080000,0.139572
9.090000,0.055793
9.100000,-0.090068
9.110000,0.140400
9.120000,0.364454
9.130000,0.306948
9.140000,0.282346
9.150000,0.353315
9.160000,0.319640
9.170000,0.227612
9.180000,0.096535
9.190000,0.045795
9.200000,0.079685
9.210000,0.128989
9.220000,0.176388
9.230000,0.223673
9.240000,0.207847
9.250000,0.101362
9.260000,-0.003477
9.270000,-0.013555
9.280000,-0.091262
9.290000,-0.159303
9.300000,-0.091510
9.310000,0.045179
9.320000,0.152436
9.330000,0.201426
9.340000,0.289140
9.350000,0.313721
9.360000,0.277139
9.370000,0.297030
9.380000,0.205078
9.390000,0.249681
9.400000,0.223253
9.410000,0.006395
9.420000,-0.060425
9.430000,-0.307126
9.440000,-0.304704
9.450000,-0.069619
9.460000,-0.088975
9.470000,-0.206157
9.480000,-0.190154
9.490000,-0.032182
9.500000,0.193096
9.510000,0.178662
9.520000,0.195889
9.530000,0.137901
9.540000,0.114033
9.550000,0.030868
9.560000,-0.253188
9.570000,-0.327766
9.580000,-0.264083
9.590000,-0.229072
9.600000,-0.207735
9.610000,-0.301196
9.620000,-0.187317
9.630000,-0.169218
9.640000,-0.340056
9.650000,-0.275976
9.660000,-0.340387
9.670000,-0.301609
9.680000,-0.071661
9.690000,-0.117385
9.700000,-0.011371
9.710000,0.084369
9.720000,-0.021897
9.730000,-0.081305
9.740000,-0.133794
9.750000,-0.240322
9.760000,-0.306431
9.770000,-0.255808
9.780000,-0.152322
9.790000,0.036779
9.800000,0.065321
9.810000,0.019482
9.820000,0.148131
9.830000,-0.029768
9.840000,-0.254942
9.850000,-0.100047
9.860000,-0.020402
9.870000,0.039704
9.880000,0.167018
9.890000,0.126930
9.900000,0.131805
9.910000,0.201213
9.920000,0.212685
9.930000,0.223056
9.940000,0.228148
9.950000,0.269703
9.960000,0.265321
9.970000,0.146067
9.980000,0.099317
9.990000,0.089726
10.000000,0.175594
10.010000,0.335849
10.020000,0.304645
10.030000,0.050668
10.040000,0.017070
10.050000,0.148448
10.060000,0.160296
10.070000,0.244571
10.080000,0.116141
10.090000,0.030211
10.100000,0.080033
10.110000,-0.056713
10.120000,0.025700
10.130000,0.234652
10.140000,0.151357
10.150000,0.115272
10.160000,-0.025344
10.170000,-0.184993
10.180000,-0.159216
10.190000,-0.210264
10.200000,-0.075623
10.210000,-0.025416
10.220000,0.093719
10.230000,0.342260
10.240000,0.370829
10.250000,0.477537
10.260000,0.589992
10.270000,0.590990
10.280000,0.681644
10.290000,0.634232
10.300000,0.580031
10.310000,0.534880
10.320000,0.374352
10.330000,0.301390
10.340000,0.265435
10.350000,0.307012
10.360000,0.321215
10.370000,0.255688
10.380000,0.191964
10.390000,0.138953
10.400000,0.194146
10.410000,0.255222
10.420000,0.259761
10.430000,0.347344
10.440000,0.251200
10.450000,0.091395
10.460000,0.039650
10.470000,0.002192
10.480000,-0.004470
10.490000,0.109139
10.500000,0.197813
10.510000,0.106299
10.520000,0.024533
10.530000,0.079305
10.540000,0.028823
10.550000,0.055690
10.560000,0.086811
10.570000,-0.065846
10.580000,-0.253586
10.590000,-0.234936
10.600000,-0.142143
10.610000,-0.228407
10.620000,-0.233430
10.630000,-0.092720
10.640000,-0.029782
10.650000,0.068410
10.660000,0.166730
10.670000,0.057332
10.680000,-0.010809
10.690000,-0.126091
10.700000,-0.208904
10.710000,-0.179360
10.720000,-0.158252
10.730000,-0.132313
10.740000,-0.125041
10.750000,-0.185948
10.760000,-0.255297
10.770000,-0.199071
10.780000,-0.024934
10.790000,0.058394
10.800000,0.016617
10.810000,-0.076575
10.820000,-0.136937
10.830000,-0.133087
10.840000,-0.086333
10.850000,-0.120033
10.860000,-0.154418
10.870000,-0.019114
10.880000,0.162412
10.890000,0.144856
10.900000,0.050461
10.910000,0.000513
10.920000,0.001647
10.930000,-0.035997
10.940000,-0.159774
10.950000,-0.153028
10.960000,-0.096251
10.970000,-0.163650
10.980000,-0.154462
10.990000,-0.128289
11.000000,-0.217658
11.010000,-0.204731
11.020000,-0.073648
11.030000,-0.130463
11.040000,-0.272289
11.050000,-0.209043
11.060000,-0.236687
11.070000,-0.341119
11.080000,-0.236842
11.090000,-0.116840
11.100000,-0.101082
11.110000,-0.061294
11.120000,-0.033969
11.130000,-0.043213
11.140000,-0.010947
11.150000,-0.020928
11.160000,-0.058721
11.170000,-0.034291
11.180000,-0.013865
11.190000,-0.101616
11.200000,-0.097853
11.210000,-0.073625
11.220000,-0.074669
11.230000,-0.044719
11.240000,-0.084042
11.250000,-0.143181
11.260000,-0.124781
11.270000,-0.121688
11.280000,-0.047932
11.290000,-0.087539
11.300000,-0.175605
11.310000,-0.126998
11.320000,-0.104861
11.330000,-0.066661
11.340000,0.013888
11.350000,-0.011131
11.360000,-0.047934
11.370000,-0.051702
11.380000,-0.117975
11.390000,-0.141092
11.400000,-0.082136
11.410000,-0.095766
11.420000,-0.020535
11.430000,0.146471
11.440000,0.150299
11.450000,0.151310
11.460000,0.247628
11.470000,0.175285
11.480000,0.159729
11.490000,0.206548
11.500000,0.134964
11.510000,0.080344
11.520000,0.097148
11.530000,0.028034
11.540000,-0.159787
11.550000,-0.209552
11.560000,-0.093699
11.570000,-0.134578
11.580000,-0.286123
11.590000,-0.292181
11.600000,-0.292209
11.610000,-0.361706
11.620000,-0.225482
11.630000,-0.077879
11.640000,-0.099480
11.650000,0.050015
11.660000,0.147459
11.670000,0.139604
11.680000,0.267835
11.690000,0.297344
11.700000,0.198659
11.710000,0.194511
11.720000,0.157132
11.730000,0.015703
11.740000,0.063790
11.750000,0.093856
11.760000,0.049370
11.770000,0.163313
11.780000,0.211350
11.790000,0.061527
11.800000,0.032019
11.810000,0.001282
11.820000,-0.076790
11.830000,-0.039345
11.840000,-0.051006
11.850000,-0.017211
11.860000,0.047679
11.870000,-0.064898
11.880000,-0.110097
11.890000,-0.090419
11.900000,-0.146136
11.910000,-0.158501
11.920000,-0.113885
11.930000,-0.196033
11.940000,-0.259438
11.950000,-0.217865
11.960000,-0.238230
11.970000,-0.168338
11.980000,-0.017772
11.990000,-0.041155
12.000000,-0.042326
12.010000,-0.033330
12.020000,-0.106884
12.030000,-0.039160
12.040000,0.049651
12.050000,0.009134
12.060000,-0.055495
12.070000,-0.127911
12.080000,-0.036351
12.090000,0.067579
12.100000,-0.020234
12.110000,-0.138453
12.120000,-0.197235
12.130000,-0.196646
12.140000,-0.138276
12.150000,-0.106891
12.160000,-0.061682
12.170000,-0.007923
12.180000,0.037323
12.190000,-0.015919
12.200000,-0.035308
12.210000,0.012741
12.220000,-0.015378
12.230000,-0.106988
12.240000,-0.105997
12.250000,-0.061639
12.260000,-0.043016
12.270000,-0.044158
12.280000,-0.056757
12.290000,-0.040785
12.300000,0.022976
12.310000,0.048200
12.320000,-0.002571
12.330000,0.021656
12.340000,0.056626
12.350000,0.026945
12.360000,-0.007849
12.370000,0.027354
12.380000,0.044452
12.390000,-0.050561
12.400000,-0.019254
12.410000,0.059038
12.420000,0.007401
12.430000,0.032438
12.440000,0.101202
12.450000,0.071491
12.460000,0.060941
12.470000,0.071128
12.480000,0.060883
12.490000,0.008743
12.500000,0.013450
12.510000,0.105672
12.520000,0.035009
12.530000,-0.040325
12.540000,-0.009380
12.550000,-0.064730
12.560000,-0.081121
12.570000,-0.074059
12.580000,-0.136927
12.590000,-0.147963
12.600000,-0.115072
12.610000,-0.080335
12.620000,-0.032166
12.630000,0.001893
12.640000,0.023748
12.650000,0.101697
12.660000,0.159464
12.670000,0.155603
12.680000,0.121004
12.690000,0.084795
12.700000,0.033985
12.710000,0.046556
12.720000,0.098751
12.730000,0.128720
12.740000,0.106308
12.750000,0.118445
12.760000,0.152057
12.770000,0.077241
12.780000,0.032473
12.790000,0.070834
12.800000,0.035430
12.810000,0.032358
12.820000,0.053859
12.830000,0.049169
12.840000,0.039808
12.850000,-0.013836
12.860000,0.014741
12.870000,0.083550
12.880000,0.062547
12.890000,0.073307
12.900000,0.059494
12.910000,0.008222
12.920000,0.049841
12.930000,0.074271
12.940000,0.022813
12.950000,0.027369
12.960000,0.108298
12.970000,0.128957
12.980000,0.109600
12.990000,0.153408
13.000000,0.149476
13.010000,0.080074
13.020000,0.054673
13.030000,-0.000134
13.040000,-0.018955
13.050000,0.000345
13.060000,-0.042415
13.070000,-0.083052
13.080000,-0.054411
13.090000,-0.023311
13.100000,-0.001974
13.110000,0.000747
13.120000,-0.003599
13.130000,-0.038432
13.140000,-0.054802
13.150000,-0.061638
13.160000,-0.071158
13.170000,0.014187
13.180000,0.018536
13.190000,0.027324
13.200000,0.121139
13.210000,0.088384
13.220000,0.081081
13.230000,0.166385
13.240000,0.164769
13.250000,0.141122
13.260000,0.100994
13.270000,0.060076
13.280000,0.086054
13.290000,0.108359
13.300000,0.157627
13.310000,0.164630
13.320000,0.124386
13.330000,0.134255
13.340000,0.162645
13.350000,0.205251
13.360000,0.236196
13.370000,0.200881
13.380000,0.153877
13.390000,0.123149
13.400000,0.083518
13.410000,0.036677
13.420000,0.021379
13.430000,0.006295
13.440000,-0.057315
13.450000,-0.115705
13.460000,-0.118305
13.470000,-0.120129
13.480000,-0.101308
13.490000,-0.041754
13.500000,-0.002084
13.510000,-0.025971
13.520000,-0.037332
13.530000,-0.032590
13.540000,-0.045972
13.550000,-0.101337
13.560000,-0.148200
13.570000,-0.168788
13.580000,-0.151530
13.590000,-0.111107
13.600000,-0.087530
13.610000,-0.077234
13.620000,-0.060228
13.630000,-0.073847
13.640000,-0.083501
13.650000,-0.042867
13.660000,-0.017198
13.670000,-0.018233
13.680000,-0.006881
13.690000,-0.018426
13.700000,-0.028880
13.710000,-0.003595
13.720000,0.011409
13.730000,0.018580
13.740000,0.038482
13.750000,0.055296
13.760000,0.085479
13.770000,0.152727
13.780000,0.179572
13.790000,0.185047
13.800000,0.208154
13.810000,0.188167
13.820000,0.167245
13.830000,0.168505
13.840000,0.134690
13.850000,0.101862
13.860000,0.085799
13.870000,0.075624
13.880000,0.042976
13.890000,0.025550
13.900000,0.024008
13.910000,-0.011446
13.920000,-0.015742
13.930000,-0.017168
13.940000,-0.017945
13.950000,-0.009650
13.960000,-0.007545
13.970000,0.014674
13.980000,0.012449
13.990000,-0.019169
14.000000,0.014137
14.010000,-0.025297
14.020000,-0.091417
14.030000,-0.069857
14.040000,-0.064345
14.050000,-0.098078
14.060000,-0.115166
14.070000,-0.138288
14.080000,-0.162153
14.090000,-0.147860
14.100000,-0.099164
14.110000,-0.121395
14.120000,-0.119348
14.130000,-0.044441
14.140000,-0.011967
14.150000,0.012058
14.160000,0.006197
14.170000,0.013224
14.180000,0.045504
14.190000,0.022313
14.200000,0.029881
14.210000,0.007757
14.220000,-0.044367
14.230000,-0.022543
14.240000,0.010322
14.250000,0.019910
14.260000,0.011617
14.270000,0.016327
14.280000,0.042140
14.290000,0.027352
14.300000,0.024946
14.310000,0.025002
14.320000,0.001359
14.330000,0.031484
14.340000,0.042714
14.350000,0.027403
14.360000,0.031816
14.370000,-0.013025
14.380000,-0.062342
14.390000,-0.061002
14.400000,-0.057910
14.410000,-0.048546
14.420000,-0.015840
14.430000,0.008880
14.440000,0.004033
14.450000,0.013887
14.460000,0.038994
14.470000,0.047163
14.480000,-0.000655
14.490000,-0.042889
14.500000,-0.037898
14.510000,-0.028245
14.520000,-0.030756
14.530000,-0.020771
14.540000,-0.022349
14.550000,-0.019750
14.560000,-0.022150
14.570000,-0.019110
14.580000,0.007911
14.590000,0.009966
14.600000,-0.018120
14.610000,-0.018923
14.620000,0.013561
14.630000,0.038268
14.640000,0.047989
14.650000,0.023517
14.660000,-0.019669
14.670000,-0.003336
14.680000,0.014277
14.690000,-0.007096
14.700000,-0.014036
14.710000,-0.040090
14.720000,-0.035442
14.730000,-0.001709
14.740000,-0.024522
14.750000,-0.029595
14.760000,-0.039331
14.770000,-0.058393
14.780000,-0.032220
14.790000,-0.055280
14.800000,-0.086395
14.810000,-0.078195
14.820000,-0.103923
14.830000,-0.132571
14.840000,-0.102293
14.850000,-0.050881
14.860000,-0.047048
14.870000,-0.055558
14.880000,-0.051273
14.890000,-0.040779
14.900000,-0.024311
14.910000,-0.029827
14.920000,-0.037219
14.930000,-0.051368
14.940000,-0.097204
14.950000,-0.105294
14.960000,-0.081389
14.970000,-0.087596
14.980000,-0.074824
14.990000,-0.059404
15.000000,-0.062512
15.010000,-0.069813
15.020000,-0.056091
15.030000,-0.025038
15.040000,-0.003596
15.050000,0.003899
15.060000,-0.002894
15.070000,0.005455
15.080000,0.042147
15.090000,0.032143
15.100000,0.024506
15.110000,0.026442
15.120000,0.019277
15.130000,0.010790
15.140000,-0.002154
15.150000,-0.002532
15.160000,-0.000126
15.170000,-0.001405
15.180000,0.006967
15.190000,-0.003170
15.200000,-0.017646
15.210000,-0.045572
15.220000,-0.052297
15.230000,-0.020248
15.240000,-0.019970
15.250000,-0.029923
15.260000,-0.028189
15.270000,-0.027012
15.280000,-0.024829
15.290000,-0.035167
15.300000,-0.007629
15.310000,0.008739
15.320000,-0.026240
15.330000,-0.017774
15.340000,-0.004873
15.350000,-0.003305
15.360000,0.028971
15.370000,0.032198
15.380000,0.012793
15.390000,0.006380
15.400000,0.011536
15.410000,0.009977
15.420000,0.015562
15.430000,0.031176
15.440000,0.032990
15.450000,0.031372
15.460000,0.021696
15.470000,0.018106
15.480000,0.037170
15.490000,0.020870
15.500000,-0.002081
15.510000,0.004166
15.520000,-0.008404
15.530000,-0.007157
15.540000,-0.005474
15.550000,-0.003728
15.560000,0.013551
15.570000,0.009372
15.580000,0.005455
15.590000,0.011815
15.600000,0.006032
15.610000,0.003095
15.620000,0.015179
15.630000,0.032984
15.640000,0.053405
15.650000,0.052027
15.660000,0.016722
15.670000,-0.000641
15.680000,0.006878
15.690000,-0.004941
15.700000,-0.015167
15.710000,-0.020611
15.720000,-0.014745
15.730000,0.004302
15.740000,0.014616
15.750000,0.021033
15.760000,0.013011
15.770000,-0.014929
15.780000,-0.026388
15.790000,-0.035849
15.800000,-0.042830
15.810000,-0.050060
15.820000,-0.062827
15.830000,-0.072058
15.840000,-0.064312
15.850000,-0.046738
15.860000,-0.037251
15.870000,-0.020970
15.880000,-0.004239
15.890000,-0.010681
15.900000,0.002484
15.910000,0.010428
15.920000,0.016102
15.930000,0.024941
15.940000,-0.001158
15.950000,0.008862
15.960000,0.018445
15.970000,0.000846
15.980000,0.008478
15.990000,0.006765
16.000000,-0.006322
16.010000,-0.026260
16.020000,-0.039612
16.030000,-0.030916
16.040000,-0.044273
16.050000,-0.042937
16.060000,-0.018542
16.070000,-0.011882
16.080000,-0.006443
16.090000,-0.020316
16.100000,-0.014908
16.110000,0.003565
16.120000,0.004145
16.130000,0.012155
16.140000,0.004067
16.150000,0.005233
16.160000,0.013664
16.170000,0.016773
16.180000,0.031426
16.190000,0.036714
16.200000,0.038862
16.210000,0.048885
16.220000,0.035328
16.230000,0.038683
16.240000,0.037246
16.250000,0.026586
16.260000,0.019539
16.270000,0.012006
16.280000,0.014236
16.290000,-0.001222
16.300000,-0.019041
16.310000,-0.013502
16.320000,-0.004236
16.330000,-0.001376
16.340000,-0.010014
16.350000,-0.012857
16.360000,-0.010345
16.370000,-0.013406
16.380000,-0.013582
16.390000,-0.014840
16.400000,-0.020471
16.410000,-0.028507
16.420000,-0.027290
16.430000,-0.015708
16.440000,-0.007755
16.450000,0.011431
16.460000,0.018555
16.470000,0.010022
16.480000,0.022596
16.490000,0.028684
16.500000,0.040079
16.510000,0.047440
16.520000,0.034044
16.530000,0.028627
16.540000,0.012928
16.550000,0.020341
16.560000,0.038323
16.570000,0.029068
16.580000,0.023534
16.590000,0.002594
16.600000,-0.003912
16.610000,0.017458
16.620000,0.004817
16.630000,-0.001884
16.640000,-0.000168
16.650000,-0.002015
16.660000,0.000453
16.670000,0.006418
16.680000,0.023615
16.690000,0.022808
16.700000,0.018973
16.710000,0.027479
16.720000,0.016311
16.730000,0.003724
16.740000,-0.007284
16.750000,-0.018321
16.760000,-0.015067
16.770000,-0.012038
16.780000,-0.014071
16.790000,-0.014936
16.800000,-0.017489
16.810000,-0.015368
16.820000,-0.015707
16.830000,-0.009789
16.840000,-0.011046
16.850000,-0.017694
16.860000,-0.009108
16.870000,-0.000634
16.880000,0.004991
16.890000,0.002303
16.900000,-0.006799
16.910000,-0.012911
16.920000,-0.013349
16.930000,-0.005202
16.940000,-0.006157
16.950000,-0.006985
16.960000,-0.013801
16.970000,-0.003348
16.980000,0.011431
16.990000,0.000784
17.000000,0.011190
17.010000,0.024667
17.020000,0.018675
17.030000,0.037990
17.040000,0.045585
17.050000,0.029474
17.060000,0.031414
17.070000,0.036647
17.080000,0.040672
17.090000,0.041480
17.100000,0.043096
17.110000,0.045581
17.120000,0.047985
17.130000,0.062492
17.140000,0.071405
17.150000,0.068218
17.160000,0.056040
17.170000,0.042892
17.180000,0.040113
17.190000,0.030144
17.200000,0.031564
17.210000,0.030471
17.220000,0.017733
17.230000,0.030106
17.240000,0.047377
17.250000,0.048047
17.260000,0.049098
17.270000,0.054579
17.280000,0.059706
17.290000,0.051536
17.300000,0.043636
17.310000,0.049900
17.320000,0.043008
17.330000,0.031289
17.340000,0.022874
17.350000,0.025889
17.360000,0.027002
17.370000,0.026475
17.380000,0.034101
17.390000,0.030350
17.400000,0.025305
17.410000,0.018510
17.420000,0.017933
17.430000,0.030993
17.440000,0.022138
17.450000,0.011918
17.460000,0.017982
17.470000,0.017440
17.480000,0.024273
17.490000,0.026012
17.500000,0.024564
17.510000,0.027864
17.520000,0.018800
17.530000,0.015198
17.540000,0.014302
17.550000,0.005739
17.560000,0.006310
17.570000,0.003898
17.580000,-0.002205
17.590000,-0.005789
17.600000,-0.005329
17.610000,-0.004757
17.620000,-0.003392
17.630000,0.008901
17.640000,0.009268
17.650000,-0.006143
17.660000,-0.007236
17.670000,0.004703
17.680000,0.016182
17.690000,0.013870
17.700000,0.012192
17.710000,0.016187
17.720000,0.018237
17.730000,0.016561
17.740000,0.014464
17.750000,0.013077
17.760000,0.010128
17.770000,0.009025
17.780000,0.006555
17.790000,0.000101
17.800000,0.003464
17.810000,0.002680
17.820000,-0.002216
17.830000,-0.000254
17.840000,-0.003393
17.850000,0.000773
17.860000,0.001913
17.870000,-0.002314
17.880000,0.006939
17.890000,0.005239
17.900000,0.005313
17.910000,0.009553
17.920000,0.001409
17.930000,-0.004669
17.940000,-0.008410
17.950000,-0.005064
17.960000,-0.002978
17.970000,-0.001245
17.980000,-0.003392
17.990000,-0.018347
18.000000,-0.016149
18.010000,-0.009953
18.020000,-0.016383
18.030000,-0.021231
18.040000,-0.032410
18.050000,-0.031400
18.060000,-0.027564
18.070000,-0.028059
18.080000,-0.016955
18.090000,-0.016613
18.100000,-0.015475
18.110000,-0.014784
18.120000,-0.015994
18.130000,-0.006007
18.140000,-0.010968
18.150000,-0.011714
18.160000,-0.008323
18.170000,-0.015096
18.180000,-0.007661
18.190000,-0.009834
18.200000,-0.014988
18.210000,-0.010785
18.220000,-0.012532
18.230000,-0.011069
18.240000,-0.016281
18.250000,-0.012081
18.260000,-0.009293
18.270000,-0.021100
18.280000,-0.016860
18.290000,-0.016945
18.300000,-0.018728
18.310000,-0.018787
18.320000,-0.025058
18.330000,-0.025749
18.340000,-0.030879
18.350000,-0.027284
18.360000,-0.015742
18.370000,-0.013835
18.380000,-0.011385
18.390000,-0.015928
18.400000,-0.013721
18.410000,-0.012556
18.420000,-0.019279
18.430000,-0.013474
18.440000,-0.019339
18.450000,-0.018981
18.460000,-0.010944
18.470000,-0.016142
18.480000,-0.009957
18.490000,-0.007437
18.500000,-0.013605
18.510000,-0.017153
18.520000,-0.020915
18.530000,-0.016636
18.540000,-0.024516
18.550000,-0.030273
18.560000,-0.029734
18.570000,-0.031222
18.580000,-0.025073
18.590000,-0.027691
18.600000,-0.019839
18.610000,-0.014595
18.620000,-0.024078
18.630000,-0.014868
18.640000,-0.016531
18.650000,-0.016052
18.660000,-0.003855
18.670000,-0.005120
18.680000,0.005259
18.690000,0.009154
18.700000,0.006964
18.710000,0.005455
18.720000,-0.001401
18.730000,0.002988
18.740000,-0.005365
18.750000,-0.011847
18.760000,-0.009138
18.770000,-0.018535
18.780000,-0.013932
18.790000,-0.015122
18.800000,-0.020960
18.810000,-0.018138
18.820000,-0.024080
18.830000,-0.018272
18.840000,-0.011934
18.850000,-0.009745
18.860000,-0.005903
18.870000,-0.008690
18.880000,-0.007614
18.890000,-0.012354
18.900000,-0.008549
18.910000,0.000144
18.920000,-0.009641
18.930000,-0.006632
18.940000,-0.007630
18.950000,-0.012338
18.960000,-0.007221
18.970000,-0.011978
18.980000,-0.012835
18.990000,-0.014799
19.000000,-0.016485
19.010000,-0.011605
19.020000,-0.011736
19.030000,-0.003438
19.040000,0.000870
19.050000,-0.002198
19.060000,-0.006181
19.070000,-0.013721
19.080000,-0.007334
19.090000,-0.010023
19.100000,-0.013193
19.110000,-0.012226
19.120000,-0.019399
19.130000,-0.015673
19.140000,-0.018121
19.150000,-0.021226
19.160000,-0.016035
19.170000,-0.020690
19.180000,-0.017272
19.190000,-0.019385
19.200000,-0.021416
19.210000,-0.016482
19.220000,-0.026289
19.230000,-0.023929
19.240000,-0.022889
19.250000,-0.026090
19.260000,-0.020870
19.270000,-0.022844
19.280000,-0.019884
19.290000,-0.018738
19.300000,-0.019300
19.310000,-0.013574
19.320000,-0.015224
19.330000,-0.017386
19.340000,-0.020009
19.350000,-0.013538
19.360000,-0.012834
19.370000,-0.018712
19.380000,-0.009981
19.390000,-0.010720
19.400000,-0.013593
19.410000,-0.007925
19.420000,-0.011081
19.430000,-0.005290
19.440000,-0.008652
19.450000,-0.013566
19.460000,-0.009636
19.470000,-0.013836
19.480000,-0.011879
19.490000,-0.013508
19.500000,-0.015684
19.510000,-0.014674
19.520000,-0.024441
19.530000,-0.024482
19.540000,-0.026075
19.550000,-0.028215
19.560000,-0.023607
19.570000,-0.028176
19.580000,-0.023757
19.590000,-0.021036
19.600000,-0.020959
19.610000,-0.018917
19.620000,-0.020233
19.630000,-0.013235
19.640000,-0.014189
19.650000,-0.015459
19.660000,-0.011213
19.670000,-0.014849
19.680000,-0.007785
19.690000,-0.005189
19.700000,-0.008234
19.710000,-0.008454
19.720000,-0.009780
19.730000,-0.002528
19.740000,-0.005402
19.750000,-0.005097
19.760000,-0.000206
19.770000,-0.005331
19.780000,0.003056
19.790000,0.002343
19.800000,-0.001482
19.810000,0.005202
19.820000,-0.000609
19.830000,0.001827
19.840000,0.002141
19.850000,0.002092
19.860000,0.005147
19.870000,-0.000594
19.880000,0.006214
19.890000,0.006363
19.900000,0.003048
19.910000,0.006711
19.920000,0.001915
19.930000,0.007015
19.940000,0.004610
19.950000,0.002090
19.960000,0.010482
19.970000,0.008163
19.980000,0.011203
19.990000,0.011981
